1,0,0,0,0,0,0,0,0,0,0,0,0,0,0,0,0,0,0,0,0,0,0,0,0,0,0,0,0,0,0,0,0,0,0,0,0,0,0,0,0,0,0,0,0,0,0,0,0,0,0,0,0,0,0,0,0,0,0,0,0,0,0,0,0,0,0,0,0,0,0,0,0,0,0,0,0,0,0,0,0,0,0,0,0,0,0,0,0,0,0,0,0,0,0,0,0,0,0,0,0,0,0,0,0,0,0,0,0,0,0,0,0,0,0,0,0,0,0,0,0,0,0,0,0,0,0,0,0,0,0,0,0,0,0,0,0,0,0,0,0,0,0,0,0,0,0,0,0,0,0,0,38,43,105,255,253,253,253,253,253,174,6,0,0,0,0,0,0,0,0,0,0,0,0,0,0,0,43,139,224,226,252,253,252,252,252,252,252,252,158,14,0,0,0,0,0,0,0,0,0,0,0,0,0,0,178,252,252,252,252,253,252,252,252,252,252,252,252,59,0,0,0,0,0,0,0,0,0,0,0,0,0,0,109,252,252,230,132,133,132,132,189,252,252,252,252,59,0,0,0,0,0,0,0,0,0,0,0,0,0,0,4,29,29,24,0,0,0,0,14,226,252,252,172,7,0,0,0,0,0,0,0,0,0,0,0,0,0,0,0,0,0,0,0,0,0,0,85,243,252,252,144,0,0,0,0,0,0,0,0,0,0,0,0,0,0,0,0,0,0,0,0,0,0,88,189,252,252,252,14,0,0,0,0,0,0,0,0,0,0,0,0,0,0,0,0,0,0,0,0,91,212,247,252,252,252,204,9,0,0,0,0,0,0,0,0,0,0,0,0,0,0,0,32,125,193,193,193,253,252,252,252,238,102,28,0,0,0,0,0,0,0,0,0,0,0,0,0,0,0,45,222,252,252,252,252,253,252,252,252,177,0,0,0,0,0,0,0,0,0,0,0,0,0,0,0,0,0,45,223,253,253,253,253,255,253,253,253,253,74,0,0,0,0,0,0,0,0,0,0,0,0,0,0,0,0,0,31,123,52,44,44,44,44,143,252,252,74,0,0,0,0,0,0,0,0,0,0,0,0,0,0,0,0,0,0,0,0,0,0,0,0,15,252,252,74,0,0,0,0,0,0,0,0,0,0,0,0,0,0,0,0,0,0,0,0,0,0,0,0,86,252,252,74,0,0,0,0,0,0,0,0,0,0,0,0,0,0,5,75,9,0,0,0,0,0,0,98,242,252,252,74,0,0,0,0,0,0,0,0,0,0,0,0,0,61,183,252,29,0,0,0,0,18,92,239,252,252,243,65,0,0,0,0,0,0,0,0,0,0,0,0,0,208,252,252,147,134,134,134,134,203,253,252,252,188,83,0,0,0,0,0,0,0,0,0,0,0,0,0,0,208,252,252,252,252,252,252,252,252,253,230,153,8,0,0,0,0,0,0,0,0,0,0,0,0,0,0,0,49,157,252,252,252,252,252,217,207,146,45,0,0,0,0,0,0,0,0,0,0,0,0,0,0,0,0,0,0,7,103,235,252,172,103,24,0,0,0,0,0,0,0,0,0,0,0,0,0,0,0,0,0,0,0,0,0,0,0,0,0,0,0,0,0,0,0,0,0,0,0,0,0,0,0,0,0,0,0,0,0,0,0,0,0,0,0,0,0,0,0,0,0,0,0,0,0,0,0,0,0,0,0,0,0,0,0,0,0,0,0,0,0,0,0,0,0,0,0,0,0,0,0,0,0,0,0,0,0,0,0,0,0,0,0
1,0,0,0,0,0,0,0,0,0,0,0,0,0,0,0,0,0,0,0,0,0,0,0,0,0,0,0,0,0,0,0,0,0,0,0,0,0,0,0,0,0,0,0,0,0,0,0,0,0,0,0,0,0,0,0,0,0,0,0,0,0,0,0,0,0,0,0,0,0,0,0,0,0,0,0,0,0,0,0,0,0,0,0,0,0,0,0,0,0,0,0,0,0,0,0,0,0,0,0,0,0,0,0,0,0,0,0,0,0,0,0,0,0,0,0,0,0,0,0,0,0,0,0,0,0,0,0,0,0,0,0,0,0,0,0,0,0,0,0,0,0,0,0,0,0,0,0,0,0,0,0,0,0,0,0,26,125,125,109,0,0,0,0,0,0,0,0,0,0,0,0,0,0,0,0,0,0,0,101,118,154,248,248,249,253,253,253,248,248,174,115,0,0,0,0,0,0,0,0,0,0,0,0,0,43,158,251,253,253,253,253,253,253,253,253,253,253,253,253,174,0,0,0,0,0,0,0,0,0,0,46,225,242,253,253,253,253,253,253,178,149,149,149,149,211,253,253,253,0,0,0,0,0,0,0,0,0,0,69,246,203,167,155,116,25,25,25,7,0,0,0,0,33,253,253,203,0,0,0,0,0,0,0,0,0,0,0,30,16,4,0,0,0,0,0,0,0,0,0,71,224,253,253,123,0,0,0,0,0,0,0,0,0,0,0,0,0,0,0,0,0,0,0,0,0,78,215,239,253,253,251,82,0,0,0,0,0,0,0,0,0,0,0,0,0,0,0,0,0,0,59,106,209,239,253,253,247,168,44,0,0,0,0,0,0,0,0,0,0,0,0,0,0,0,62,113,202,202,240,253,253,253,253,195,48,0,0,0,0,0,0,0,0,0,0,0,0,0,0,0,0,71,245,253,253,253,253,253,253,253,253,97,0,0,0,0,0,0,0,0,0,0,0,0,0,0,0,0,0,92,253,253,253,208,194,128,128,234,253,194,0,0,0,0,0,0,0,0,0,0,0,0,0,0,0,0,0,26,71,71,71,17,0,0,0,76,253,232,22,0,0,0,0,0,0,0,0,0,0,0,0,0,0,0,0,0,0,0,0,0,0,0,0,40,253,253,104,0,0,0,0,0,0,0,0,0,0,0,0,19,23,0,0,0,0,0,0,0,0,0,0,40,253,253,104,0,0,0,0,0,0,0,0,0,0,0,33,202,199,10,0,0,0,0,0,0,0,0,6,134,253,253,104,0,0,0,0,0,0,0,0,0,0,0,255,253,211,36,3,0,0,0,0,0,20,27,134,253,253,224,40,0,0,0,0,0,0,0,0,0,0,0,244,253,253,253,160,150,150,150,150,150,227,253,253,250,234,90,0,0,0,0,0,0,0,0,0,0,0,0,54,170,253,253,253,253,253,253,253,253,253,250,149,93,0,0,0,0,0,0,0,0,0,0,0,0,0,0,0,0,111,237,247,247,247,247,247,247,216,93,0,0,0,0,0,0,0,0,0,0,0,0,0,0,0,0,0,0,0,0,0,0,0,0,0,0,0,0,0,0,0,0,0,0,0,0,0,0,0,0,0,0,0,0,0,0,0,0,0,0,0,0,0,0,0,0,0,0,0,0,0,0,0,0,0,0,0,0,0,0,0,0,0,0,0,0,0,0,0,0,0,0,0,0,0,0,0,0,0,0,0,0,0,0,0,0,0,0,0,0,0,0,0,0,0,0,0,0,0,0,0,0,0,0,0,0,0,0,0,0,0,0,0,0
1,0,0,0,0,0,0,0,0,0,0,0,0,0,0,0,0,0,0,0,0,0,0,0,0,0,0,0,0,0,0,0,0,0,0,0,0,0,0,0,0,0,0,0,0,0,0,0,0,0,0,0,0,0,0,0,0,0,0,0,0,0,0,0,0,0,0,0,0,0,0,0,0,0,0,0,0,0,0,0,0,0,0,0,0,0,0,0,0,0,0,0,0,0,0,0,0,0,0,0,0,0,0,0,0,0,0,0,0,0,0,0,0,0,0,0,0,0,0,0,0,0,0,0,0,0,0,0,0,0,0,0,0,0,0,0,0,0,0,0,0,0,0,0,0,0,0,0,0,0,0,0,0,0,0,0,22,43,43,148,148,96,14,0,0,0,0,0,0,0,0,0,0,0,0,0,0,0,0,36,36,71,191,190,221,252,252,253,252,252,163,0,0,0,0,0,0,0,0,0,0,0,0,0,0,4,180,241,241,249,253,252,252,252,252,253,252,252,247,144,0,0,0,0,0,0,0,0,0,0,0,0,0,43,252,252,252,252,253,252,221,189,145,84,120,247,252,252,0,0,0,0,0,0,0,0,0,0,0,0,0,7,200,252,226,235,147,68,21,0,0,0,0,232,252,252,0,0,0,0,0,0,0,0,0,0,0,0,0,0,0,0,0,0,0,0,0,0,0,0,112,245,253,253,0,0,0,0,0,0,0,0,0,0,0,0,0,0,0,0,0,0,0,0,0,0,0,103,237,252,252,137,0,0,0,0,0,0,0,0,0,0,0,0,0,0,0,0,32,39,22,6,11,48,171,253,252,252,185,4,0,0,0,0,0,0,0,0,0,0,0,0,0,0,0,6,155,252,253,189,211,252,252,253,252,167,28,0,0,0,0,0,0,0,0,0,0,0,0,0,0,0,0,66,252,252,253,252,252,252,252,253,137,21,0,0,0,0,0,0,0,0,0,0,0,0,0,0,0,0,0,9,176,211,255,253,253,253,253,107,0,0,0,0,0,0,0,0,0,0,0,0,0,0,0,0,0,0,0,0,0,0,63,63,123,252,252,106,0,0,0,0,0,0,0,0,0,0,0,0,0,16,2,0,0,0,0,0,0,0,0,0,75,252,252,150,0,0,0,0,0,0,0,0,0,0,0,0,29,232,91,0,0,0,0,0,0,0,0,0,153,252,252,80,0,0,0,0,0,0,0,0,0,0,0,0,175,252,170,0,0,0,0,0,0,0,0,36,241,252,252,0,0,0,0,0,0,0,0,0,0,0,0,0,237,253,253,227,60,0,0,0,0,18,105,227,253,243,79,0,0,0,0,0,0,0,0,0,0,0,0,0,55,231,252,252,252,173,85,85,155,216,253,252,245,82,0,0,0,0,0,0,0,0,0,0,0,0,0,0,0,16,181,252,252,253,252,252,252,252,253,245,124,0,0,0,0,0,0,0,0,0,0,0,0,0,0,0,0,0,42,170,252,253,252,252,252,252,172,56,0,0,0,0,0,0,0,0,0,0,0,0,0,0,0,0,0,0,0,11,42,147,147,147,121,42,0,0,0,0,0,0,0,0,0,0,0,0,0,0,0,0,0,0,0,0,0,0,0,0,0,0,0,0,0,0,0,0,0,0,0,0,0,0,0,0,0,0,0,0,0,0,0,0,0,0,0,0,0,0,0,0,0,0,0,0,0,0,0,0,0,0,0,0,0,0,0,0,0,0,0,0,0,0,0,0,0,0,0,0,0,0,0,0,0,0,0,0,0,0,0,0,0,0,0
1,0,0,0,0,0,0,0,0,0,0,0,0,0,0,0,0,0,0,0,0,0,0,0,0,0,0,0,0,0,0,0,0,0,0,0,0,0,0,0,0,0,0,0,0,0,0,0,0,0,0,0,0,0,0,0,0,0,0,0,0,0,0,0,0,0,0,0,0,0,0,0,0,0,0,0,0,0,0,0,0,0,0,0,0,0,0,0,0,0,0,0,0,0,0,0,0,0,0,0,0,0,0,0,0,0,0,0,0,0,0,0,0,0,0,0,0,0,0,0,0,0,0,0,0,0,0,0,0,0,0,0,0,0,0,0,0,0,0,0,0,0,0,0,0,0,0,0,0,0,101,113,128,253,255,253,253,159,113,0,0,0,0,0,0,0,0,0,0,0,0,0,0,0,0,10,85,226,249,252,252,252,253,252,252,252,252,163,9,0,0,0,0,0,0,0,0,0,0,0,0,0,76,203,252,253,252,208,195,195,196,195,195,233,252,253,136,0,0,0,0,0,0,0,0,0,0,0,0,0,197,252,252,240,99,19,0,0,0,0,0,75,252,253,167,0,0,0,0,0,0,0,0,0,0,0,0,0,88,205,252,140,0,0,0,0,0,0,0,107,252,253,167,0,0,0,0,0,0,0,0,0,0,0,0,0,0,16,140,79,0,0,0,0,0,0,89,207,253,204,15,0,0,0,0,0,0,0,0,0,0,0,0,0,0,0,0,0,0,0,0,0,86,131,246,252,252,140,0,0,0,0,0,0,0,0,0,0,0,0,0,0,0,0,0,0,0,0,23,197,253,252,252,252,252,63,0,0,0,0,0,0,0,0,0,0,0,0,0,0,0,0,0,0,0,0,29,252,253,252,252,252,252,153,19,0,0,0,0,0,0,0,0,0,0,0,0,0,0,0,0,0,0,0,29,252,253,127,142,252,252,253,167,0,0,0,0,0,0,0,0,0,0,0,0,0,0,0,0,0,0,0,0,0,0,0,0,29,253,255,253,56,0,0,0,0,0,0,0,0,0,0,0,0,0,0,0,0,0,0,0,0,0,0,0,3,27,253,252,55,0,0,0,0,0,0,0,0,0,0,0,0,0,0,0,0,0,0,0,0,0,0,0,0,0,253,252,165,0,0,0,0,0,0,0,0,0,0,0,0,23,26,0,0,0,0,0,0,0,0,0,0,0,253,252,102,0,0,0,0,0,0,0,0,0,0,0,0,197,223,0,0,0,0,0,0,0,0,0,0,79,253,252,55,0,0,0,0,0,0,0,0,0,0,0,0,198,237,50,0,0,0,0,0,0,0,0,13,191,255,253,56,0,0,0,0,0,0,0,0,0,0,0,0,150,252,237,163,85,66,0,0,0,29,117,228,252,253,176,6,0,0,0,0,0,0,0,0,0,0,0,0,13,77,252,253,252,239,197,197,198,215,252,252,252,228,52,0,0,0,0,0,0,0,0,0,0,0,0,0,0,10,84,146,223,246,252,252,253,252,252,233,145,47,0,0,0,0,0,0,0,0,0,0,0,0,0,0,0,0,0,0,0,88,112,112,174,127,112,37,0,0,0,0,0,0,0,0,0,0,0,0,0,0,0,0,0,0,0,0,0,0,0,0,0,0,0,0,0,0,0,0,0,0,0,0,0,0,0,0,0,0,0,0,0,0,0,0,0,0,0,0,0,0,0,0,0,0,0,0,0,0,0,0,0,0,0,0,0,0,0,0,0,0,0,0,0,0,0,0,0,0,0,0,0,0,0,0,0,0,0,0,0,0,0
1,0,0,0,0,0,0,0,0,0,0,0,0,0,0,0,0,0,0,0,0,0,0,0,0,0,0,0,0,0,0,0,0,0,0,0,0,0,0,0,0,0,0,0,0,0,0,0,0,0,0,0,0,0,0,0,0,0,0,0,0,0,0,0,0,0,0,0,0,0,0,0,0,0,0,0,0,0,0,0,0,0,0,0,0,0,0,0,0,0,0,0,0,0,0,0,0,0,0,0,0,0,0,0,0,0,0,0,0,0,0,0,0,0,0,0,0,0,0,0,0,0,0,0,0,0,0,0,0,0,0,0,0,0,0,0,0,0,0,0,0,0,0,0,0,0,0,0,0,0,0,0,0,36,148,183,253,253,253,254,183,4,0,0,0,0,0,0,0,0,0,0,0,0,0,0,0,0,0,8,112,242,253,252,252,252,252,253,252,135,0,0,0,0,0,0,0,0,0,0,0,0,0,0,0,0,8,173,252,252,253,245,126,21,21,200,252,231,0,0,0,0,0,0,0,0,0,0,0,0,0,0,0,0,112,252,252,252,172,56,0,0,0,174,252,231,0,0,0,0,0,0,0,0,0,0,0,0,0,0,0,0,146,252,226,59,0,0,0,0,45,253,252,187,0,0,0,0,0,0,0,0,0,0,0,0,0,0,0,0,0,0,0,0,0,0,0,11,219,254,253,65,0,0,0,0,0,0,0,0,0,0,0,0,0,0,0,0,0,0,0,0,0,0,0,99,252,253,189,5,0,0,0,0,0,0,0,0,0,0,0,0,0,0,0,0,0,0,0,0,13,22,84,246,252,250,66,0,0,0,0,0,0,0,0,0,0,0,0,0,0,0,0,0,0,0,16,152,218,252,252,252,252,222,16,0,0,0,0,0,0,0,0,0,0,0,0,0,0,0,0,0,0,0,64,252,253,252,252,252,252,253,107,0,0,0,0,0,0,0,0,0,0,0,0,0,0,0,0,0,0,0,54,211,212,176,106,142,253,255,168,0,0,0,0,0,0,0,0,0,0,0,0,0,0,0,0,0,0,0,0,0,0,0,0,64,252,253,168,0,0,0,0,0,0,0,0,0,0,0,0,0,0,0,0,0,0,0,0,0,0,0,0,73,252,253,168,0,0,0,0,0,0,0,0,0,0,0,0,0,0,0,0,0,0,0,0,0,0,0,0,169,252,253,98,0,0,0,0,0,0,0,0,0,0,0,0,0,0,27,18,0,0,0,0,0,0,0,18,239,252,236,37,0,0,0,0,0,0,0,0,0,0,0,0,0,145,253,86,0,0,0,0,0,0,0,84,253,253,194,0,0,0,0,0,0,0,0,0,0,0,0,0,0,232,252,156,36,0,0,0,0,15,85,213,252,252,106,0,0,0,0,0,0,0,0,0,0,0,0,0,0,81,237,252,242,197,127,127,127,192,252,252,252,190,9,0,0,0,0,0,0,0,0,0,0,0,0,0,0,0,21,198,253,252,252,252,252,253,252,247,162,14,0,0,0,0,0,0,0,0,0,0,0,0,0,0,0,0,0,18,42,156,252,252,252,236,112,38,0,0,0,0,0,0,0,0,0,0,0,0,0,0,0,0,0,0,0,0,0,0,0,0,0,0,0,0,0,0,0,0,0,0,0,0,0,0,0,0,0,0,0,0,0,0,0,0,0,0,0,0,0,0,0,0,0,0,0,0,0,0,0,0,0,0,0,0,0,0,0,0,0,0,0,0,0,0,0,0,0,0,0,0,0,0,0,0,0,0,0,0,0,0,0,0
1,0,0,0,0,0,0,0,0,0,0,0,0,0,0,0,0,0,0,0,0,0,0,0,0,0,0,0,0,0,0,0,0,0,0,0,0,0,0,0,0,0,0,0,0,0,0,0,0,0,0,0,0,0,0,0,0,0,0,0,0,0,0,0,0,0,0,0,0,0,0,0,0,0,0,0,0,0,0,0,0,0,0,0,0,0,0,0,0,0,0,0,0,0,0,0,0,0,0,0,0,0,0,0,0,0,0,0,0,0,0,0,0,0,0,0,0,0,0,0,0,0,0,0,0,0,0,0,0,0,0,0,0,0,0,0,0,0,0,0,0,0,0,0,0,0,0,0,0,0,0,0,42,118,118,118,195,254,180,255,221,99,0,0,0,0,0,0,0,0,0,0,0,0,0,0,0,0,0,154,241,253,253,253,253,253,253,253,253,250,140,0,0,0,0,0,0,0,0,0,0,0,0,0,0,0,0,248,253,253,253,253,253,253,253,253,253,253,250,98,0,0,0,0,0,0,0,0,0,0,0,0,0,0,29,249,253,253,253,253,253,253,223,253,253,253,249,91,0,0,0,0,0,0,0,0,0,0,0,0,0,0,42,249,241,107,156,82,82,82,38,127,246,253,246,79,0,0,0,0,0,0,0,0,0,0,0,0,0,0,0,234,81,0,0,0,0,0,6,133,232,253,252,110,0,0,0,0,0,0,0,0,0,0,0,0,0,0,0,0,0,0,0,0,0,65,180,253,253,253,161,0,0,0,0,0,0,0,0,0,0,0,0,0,0,0,0,0,0,0,81,126,248,250,253,253,253,175,54,0,0,0,0,0,0,0,0,0,0,0,0,0,0,0,0,0,81,128,246,253,253,253,253,175,130,8,0,0,0,0,0,0,0,0,0,0,0,0,0,0,0,0,0,0,152,253,253,253,253,253,253,34,0,0,0,0,0,0,0,0,0,0,0,0,0,0,0,0,0,0,0,0,110,244,253,253,253,253,253,149,11,0,0,0,0,0,0,0,0,0,0,0,0,0,0,0,0,0,0,0,0,72,115,229,253,253,253,253,128,0,0,0,0,0,0,0,0,0,0,0,0,0,0,0,0,0,0,0,0,0,0,12,117,253,253,253,128,0,0,0,0,0,0,0,0,0,0,0,0,0,0,0,0,0,0,0,0,0,0,0,144,253,253,253,54,0,0,0,0,0,0,0,0,0,0,0,0,0,0,109,133,0,0,0,0,0,0,83,248,253,253,119,3,0,0,0,0,0,0,0,0,0,0,0,0,84,220,245,144,0,0,0,30,195,220,242,253,253,163,5,0,0,0,0,0,0,0,0,0,0,0,0,93,220,253,253,171,199,199,199,218,253,253,253,253,155,32,0,0,0,0,0,0,0,0,0,0,0,0,0,118,253,253,253,253,253,253,253,253,253,253,249,133,39,0,0,0,0,0,0,0,0,0,0,0,0,0,0,44,230,253,253,253,253,253,253,253,236,131,85,0,0,0,0,0,0,0,0,0,0,0,0,0,0,0,0,0,45,116,220,253,253,253,119,116,22,0,0,0,0,0,0,0,0,0,0,0,0,0,0,0,0,0,0,0,0,0,0,0,0,0,0,0,0,0,0,0,0,0,0,0,0,0,0,0,0,0,0,0,0,0,0,0,0,0,0,0,0,0,0,0,0,0,0,0,0,0,0,0,0,0,0,0,0,0,0,0,0,0,0,0,0,0,0,0,0,0,0,0,0,0,0,0,0,0,0,0,0,0,0,0,0,0,0,0
1,0,0,0,0,0,0,0,0,0,0,0,0,0,0,0,0,0,0,0,0,0,0,0,0,0,0,0,0,0,0,0,0,0,0,0,0,0,0,0,0,0,0,0,0,0,0,0,0,0,0,0,0,0,0,0,0,0,0,0,0,0,0,0,0,0,0,0,0,0,0,0,0,0,0,0,0,0,0,0,0,0,0,0,0,0,0,0,0,0,0,0,0,0,0,0,0,0,0,0,0,0,0,0,0,0,0,0,0,0,0,0,0,0,0,0,0,0,0,0,0,0,0,0,0,0,0,0,0,0,0,0,0,0,0,0,0,0,0,0,0,0,0,0,0,0,0,0,0,0,21,144,144,144,193,173,206,254,254,254,250,144,144,144,0,0,0,0,0,0,0,0,0,0,0,0,0,0,199,253,253,253,254,253,253,253,253,253,253,253,253,253,0,0,0,0,0,0,0,0,0,0,0,0,0,0,232,253,253,253,254,253,253,253,253,253,253,253,253,253,0,0,0,0,0,0,0,0,0,0,0,0,0,0,14,73,87,10,11,10,10,10,10,10,21,167,253,253,0,0,0,0,0,0,0,0,0,0,0,0,0,0,0,0,0,0,0,0,0,0,13,56,199,253,253,229,0,0,0,0,0,0,0,0,0,0,0,0,0,0,0,0,0,0,0,24,89,146,211,253,253,253,226,45,0,0,0,0,0,0,0,0,0,0,0,0,0,0,0,0,0,107,233,238,253,253,253,253,253,247,121,0,0,0,0,0,0,0,0,0,0,0,0,0,0,0,0,0,48,241,254,253,253,253,253,238,156,39,0,0,0,0,0,0,0,0,0,0,0,0,0,0,0,0,0,0,127,253,254,253,253,253,253,83,0,0,0,0,0,0,0,0,0,0,0,0,0,0,0,0,0,0,0,0,10,177,158,253,253,253,253,151,0,0,0,0,0,0,0,0,0,0,0,0,0,0,0,0,0,0,0,0,0,0,0,0,44,234,254,254,22,0,0,0,0,0,0,0,0,0,0,0,0,0,0,0,0,0,0,0,0,0,0,0,0,133,253,253,22,0,0,0,0,0,0,0,0,0,0,0,0,70,17,0,0,0,0,0,0,0,0,0,0,133,253,253,22,0,0,0,0,0,0,0,0,0,0,0,138,250,202,6,0,0,0,0,0,0,0,0,9,192,253,207,11,0,0,0,0,0,0,0,0,0,0,0,216,253,253,112,20,0,0,0,0,0,0,15,181,253,241,81,0,0,0,0,0,0,0,0,0,0,0,0,216,253,253,253,194,58,0,0,0,0,12,180,253,253,159,0,0,0,0,0,0,0,0,0,0,0,0,0,90,245,253,253,253,246,232,165,122,170,236,253,253,175,8,0,0,0,0,0,0,0,0,0,0,0,0,0,0,55,246,253,253,253,253,253,253,253,255,253,173,4,0,0,0,0,0,0,0,0,0,0,0,0,0,0,0,0,98,216,253,253,253,253,253,253,254,233,31,0,0,0,0,0,0,0,0,0,0,0,0,0,0,0,0,0,0,17,105,143,196,253,253,205,129,24,0,0,0,0,0,0,0,0,0,0,0,0,0,0,0,0,0,0,0,0,0,0,0,0,0,0,0,0,0,0,0,0,0,0,0,0,0,0,0,0,0,0,0,0,0,0,0,0,0,0,0,0,0,0,0,0,0,0,0,0,0,0,0,0,0,0,0,0,0,0,0,0,0,0,0,0,0,0,0,0,0,0,0,0,0,0,0,0,0,0,0,0,0,0,0,0,0
1,0,0,0,0,0,0,0,0,0,0,0,0,0,0,0,0,0,0,0,0,0,0,0,0,0,0,0,0,0,0,0,0,0,0,0,0,0,0,0,0,0,0,0,0,0,0,0,0,0,0,0,0,0,0,0,0,0,0,0,0,0,0,0,0,0,0,0,0,0,0,0,0,0,0,0,0,0,0,0,0,0,0,0,0,0,0,0,0,0,0,0,0,0,0,0,0,0,0,0,0,0,0,0,0,0,0,0,0,0,0,0,0,0,0,0,0,0,0,0,0,0,0,0,0,0,0,0,0,0,0,0,0,0,0,0,0,0,0,0,0,0,0,0,0,0,0,0,0,0,25,43,139,218,253,254,253,104,32,0,0,0,0,0,0,0,0,0,0,0,0,0,0,0,0,52,190,190,227,252,252,252,252,253,252,252,237,190,71,0,0,0,0,0,0,0,0,0,0,0,0,0,78,242,252,252,253,252,252,252,235,245,252,252,252,252,250,153,19,0,0,0,0,0,0,0,0,0,0,0,85,252,252,252,253,252,247,162,14,49,120,194,252,252,253,252,152,0,0,0,0,0,0,0,0,0,0,0,85,252,252,252,191,103,91,0,0,0,0,4,138,252,253,252,231,0,0,0,0,0,0,0,0,0,0,0,0,150,211,79,0,0,0,0,0,0,0,4,139,253,254,253,109,0,0,0,0,0,0,0,0,0,0,0,0,0,0,0,0,0,0,0,0,0,29,142,252,252,253,189,5,0,0,0,0,0,0,0,0,0,0,0,0,0,0,0,0,0,2,22,22,145,239,252,252,252,214,40,0,0,0,0,0,0,0,0,0,0,0,0,0,0,16,64,169,169,176,252,252,253,252,252,252,252,0,0,0,0,0,0,0,0,0,0,0,0,0,0,0,0,11,218,253,252,252,252,252,253,252,252,252,252,194,27,0,0,0,0,0,0,0,0,0,0,0,0,0,0,0,194,254,253,253,253,253,230,211,232,253,253,255,183,4,0,0,0,0,0,0,0,0,0,0,0,0,0,0,27,168,168,168,98,63,27,0,41,224,252,253,252,21,0,0,0,0,0,0,0,0,0,0,0,0,0,0,0,0,0,0,0,0,0,0,0,117,252,253,252,118,0,0,0,0,0,0,0,0,0,0,0,0,0,0,0,0,0,0,0,0,0,0,6,112,252,253,252,100,0,0,0,0,0,0,0,0,0,0,0,0,0,0,0,0,0,0,0,0,0,0,110,252,252,253,217,12,0,0,0,0,0,0,0,0,0,0,0,0,0,0,0,0,32,43,43,7,0,50,245,253,253,255,63,0,0,0,0,0,0,0,0,0,0,0,0,0,0,0,71,191,237,252,252,200,146,211,252,252,252,186,16,0,0,0,0,0,0,0,0,0,0,0,0,0,0,59,249,253,252,252,252,252,253,252,252,252,190,9,0,0,0,0,0,0,0,0,0,0,0,0,0,0,0,134,252,253,205,221,252,252,253,252,247,162,14,0,0,0,0,0,0,0,0,0,0,0,0,0,0,0,0,55,235,129,11,21,68,147,147,112,38,0,0,0,0,0,0,0,0,0,0,0,0,0,0,0,0,0,0,0,0,0,0,0,0,0,0,0,0,0,0,0,0,0,0,0,0,0,0,0,0,0,0,0,0,0,0,0,0,0,0,0,0,0,0,0,0,0,0,0,0,0,0,0,0,0,0,0,0,0,0,0,0,0,0,0,0,0,0,0,0,0,0,0,0,0,0,0,0,0,0,0,0,0,0,0
1,0,0,0,0,0,0,0,0,0,0,0,0,0,0,0,0,0,0,0,0,0,0,0,0,0,0,0,0,0,0,0,0,0,0,0,0,0,0,0,0,0,0,0,0,0,0,0,0,0,0,0,0,0,0,0,0,0,0,0,0,0,0,0,0,0,0,0,0,0,0,0,0,0,0,0,0,0,0,0,0,0,0,0,0,0,0,0,0,0,0,0,0,0,0,0,0,0,0,0,0,0,0,0,0,0,0,0,0,0,0,0,0,0,0,0,0,0,0,0,0,0,0,0,0,0,0,0,0,0,0,0,0,0,0,0,0,0,0,0,0,0,0,0,0,13,45,139,139,128,87,192,139,139,139,245,139,87,44,24,0,0,0,0,0,0,0,0,0,0,0,0,0,139,253,253,253,212,254,253,253,253,253,254,253,253,253,253,163,141,34,0,0,0,0,0,0,0,0,0,0,223,253,253,253,253,254,253,253,253,253,254,253,253,222,222,254,253,203,13,0,0,0,0,0,0,0,0,0,254,253,228,161,161,46,46,46,46,46,46,46,46,25,25,65,253,253,88,0,0,0,0,0,0,0,0,0,149,179,48,0,0,0,0,0,0,0,0,0,0,0,0,13,212,253,109,0,0,0,0,0,0,0,0,0,0,0,0,0,0,0,0,0,0,0,0,0,0,0,22,150,254,254,193,11,0,0,0,0,0,0,0,0,0,0,0,0,0,0,0,0,0,0,22,22,34,68,245,254,253,209,17,0,0,0,0,0,0,0,0,0,0,0,0,0,0,0,0,0,0,0,132,216,235,222,253,254,135,50,0,0,0,0,0,0,0,0,0,0,0,0,0,0,0,0,0,0,0,96,234,253,253,253,253,140,17,0,0,0,0,0,0,0,0,0,0,0,0,0,0,0,0,0,0,0,0,11,138,137,190,180,200,11,75,85,0,0,0,0,0,0,0,0,0,0,0,0,0,0,0,0,0,0,0,0,0,0,0,0,0,11,137,147,21,0,0,0,0,0,0,0,0,0,0,0,0,0,0,0,0,0,0,0,0,0,0,0,0,0,0,66,145,11,0,0,0,0,0,0,0,0,0,0,0,0,0,0,0,0,0,0,0,0,0,0,0,0,0,101,228,17,0,0,0,0,0,0,0,0,0,0,0,0,0,0,0,0,0,0,0,0,0,0,0,0,0,70,253,23,0,0,0,0,0,0,0,0,0,0,0,0,0,0,0,0,0,0,0,0,0,0,0,0,0,70,253,75,0,0,0,0,0,0,0,0,0,0,0,62,77,24,24,7,0,0,0,0,0,0,0,0,36,170,212,13,0,0,0,0,0,0,0,0,0,0,0,166,253,254,253,186,162,57,43,0,0,17,47,58,220,253,173,8,0,0,0,0,0,0,0,0,0,0,20,221,253,255,253,253,253,253,248,185,185,157,253,255,253,171,13,0,0,0,0,0,0,0,0,0,0,0,45,194,253,254,253,253,253,253,254,253,253,253,253,246,88,13,0,0,0,0,0,0,0,0,0,0,0,0,0,9,128,149,253,253,253,253,244,137,137,43,23,21,0,0,0,0,0,0,0,0,0,0,0,0,0,0,0,0,0,0,0,0,0,0,0,0,0,0,0,0,0,0,0,0,0,0,0,0,0,0,0,0,0,0,0,0,0,0,0,0,0,0,0,0,0,0,0,0,0,0,0,0,0,0,0,0,0,0,0,0,0,0,0,0,0,0,0,0,0,0,0,0,0,0,0,0,0,0,0,0,0,0,0,0
1,0,0,0,0,0,0,0,0,0,0,0,0,0,0,0,0,0,0,0,0,0,0,0,0,0,0,0,0,0,0,0,0,0,0,0,0,0,0,0,0,0,0,0,0,0,0,0,0,0,0,0,0,0,0,0,0,0,0,0,0,0,0,0,0,0,0,0,0,0,0,0,0,0,0,0,0,0,0,0,0,0,0,0,0,0,0,0,0,0,0,0,0,0,0,0,0,0,0,0,0,0,0,0,0,0,0,0,0,0,0,0,0,0,0,0,0,0,0,0,0,0,0,0,0,0,0,0,0,0,0,0,0,0,0,0,0,0,0,0,0,0,0,0,0,0,0,0,0,0,0,5,127,156,194,255,254,254,254,216,23,0,0,0,0,0,0,0,0,0,0,0,0,0,0,0,0,0,0,185,253,253,253,254,253,253,253,253,98,0,0,0,0,0,0,0,0,0,0,0,0,0,0,0,0,0,41,241,253,253,253,254,253,253,253,253,165,0,0,0,0,0,0,0,0,0,0,0,0,0,0,0,0,0,149,253,253,231,213,214,229,241,253,253,105,0,0,0,0,0,0,0,0,0,0,0,0,0,0,0,0,0,59,155,88,27,0,0,23,41,238,253,98,0,0,0,0,0,0,0,0,0,0,0,0,0,0,0,0,0,0,0,0,0,0,0,5,119,254,254,99,0,0,0,0,0,0,0,0,0,0,0,0,0,0,0,0,0,0,0,0,0,16,80,203,253,253,245,53,0,0,0,0,0,0,0,0,0,0,0,0,0,0,0,0,0,0,0,0,28,235,254,253,253,253,155,0,0,0,0,0,0,0,0,0,0,0,0,0,0,0,0,0,0,0,0,0,129,253,254,253,253,253,245,91,0,0,0,0,0,0,0,0,0,0,0,0,0,0,0,0,0,0,0,0,136,253,254,253,253,253,253,98,0,0,0,0,0,0,0,0,0,0,0,0,0,0,0,0,0,0,0,0,106,218,196,245,254,254,254,209,9,0,0,0,0,0,0,0,0,0,0,0,0,0,0,0,0,0,0,0,0,15,0,33,39,229,253,254,39,0,0,0,0,0,0,0,0,0,0,0,0,0,0,0,0,0,0,0,0,0,0,0,0,136,253,254,39,0,0,0,0,0,0,0,0,0,0,0,0,0,0,0,0,0,0,0,0,0,0,0,0,189,253,222,18,0,0,0,0,0,0,0,0,0,0,0,0,0,0,16,135,0,0,0,0,0,0,0,31,241,253,195,0,0,0,0,0,0,0,0,0,0,0,0,0,0,0,100,254,0,0,0,0,0,37,149,254,254,254,76,0,0,0,0,0,0,0,0,0,0,0,0,0,0,0,136,253,178,131,185,177,214,239,253,253,253,125,0,0,0,0,0,0,0,0,0,0,0,0,0,0,0,0,136,253,254,253,253,253,253,254,253,253,165,18,0,0,0,0,0,0,0,0,0,0,0,0,0,0,0,0,47,253,254,253,253,253,253,254,227,87,2,0,0,0,0,0,0,0,0,0,0,0,0,0,0,0,0,0,9,96,178,253,253,162,155,96,31,0,0,0,0,0,0,0,0,0,0,0,0,0,0,0,0,0,0,0,0,0,0,0,0,0,0,0,0,0,0,0,0,0,0,0,0,0,0,0,0,0,0,0,0,0,0,0,0,0,0,0,0,0,0,0,0,0,0,0,0,0,0,0,0,0,0,0,0,0,0,0,0,0,0,0,0,0,0,0,0,0,0,0,0,0,0,0,0,0,0,0,0,0,0,0,0
1,0,0,0,0,0,0,0,0,0,0,0,0,0,0,0,0,0,0,0,0,0,0,0,0,0,0,0,0,0,0,0,0,0,0,0,0,0,0,0,0,0,0,0,0,0,0,0,0,0,0,0,0,0,0,0,0,0,0,0,0,0,0,0,0,0,0,0,0,0,0,0,0,0,0,0,0,0,0,0,0,0,0,0,0,0,0,0,0,0,0,0,0,0,0,0,0,0,0,0,0,0,0,0,0,0,0,0,0,0,0,0,0,0,0,0,0,0,0,0,0,0,0,0,0,0,0,0,0,0,0,0,0,0,0,0,0,0,0,0,0,0,0,0,0,0,0,0,0,0,64,191,255,255,255,255,191,191,128,0,0,0,0,0,0,0,0,0,0,0,0,0,0,0,0,0,0,0,191,255,255,255,255,255,255,255,255,255,64,0,0,0,0,0,0,0,0,0,0,0,0,0,0,0,0,0,128,255,255,255,255,255,255,255,255,255,255,0,0,0,0,0,0,0,0,0,0,0,0,0,0,0,0,0,128,255,255,255,255,255,255,255,255,255,255,0,0,0,0,0,0,0,0,0,0,0,0,0,0,0,0,0,64,191,255,255,255,255,255,255,255,255,255,128,0,0,0,0,0,0,0,0,0,0,0,0,0,0,0,0,0,0,255,255,128,64,255,255,255,255,255,64,0,0,0,0,0,0,0,0,0,0,0,0,0,0,0,0,0,0,0,0,128,255,255,255,255,255,191,0,0,0,0,0,0,0,0,0,0,0,0,0,0,0,0,0,0,0,0,128,255,255,255,255,255,255,191,0,0,0,0,0,0,0,0,0,0,0,0,0,0,0,0,0,0,0,0,255,255,255,255,255,255,255,255,191,0,0,0,0,0,0,0,0,0,0,0,0,0,0,0,0,0,0,0,191,255,255,255,255,255,255,255,255,191,64,0,0,0,0,0,0,0,0,0,0,0,0,0,0,0,0,0,0,128,128,255,255,255,255,255,255,255,128,0,0,0,0,0,0,0,0,0,0,0,0,0,0,0,0,0,0,0,0,64,128,191,255,255,255,191,0,0,0,0,0,0,0,0,0,0,0,0,0,0,0,0,0,0,0,0,0,0,0,0,255,255,255,128,0,0,0,0,0,0,0,0,0,0,0,0,0,0,0,0,0,0,0,0,0,0,0,64,255,255,255,128,0,0,0,0,0,0,0,0,0,0,0,0,191,255,64,0,0,0,0,0,0,64,128,255,255,255,191,64,0,0,0,0,0,0,0,0,0,0,0,128,255,255,255,128,64,0,0,0,128,255,255,255,255,191,64,0,0,0,0,0,0,0,0,0,0,0,0,128,255,255,255,255,255,255,255,255,255,255,255,255,255,64,0,0,0,0,0,0,0,0,0,0,0,0,0,0,191,255,255,255,255,255,255,255,255,255,255,255,128,0,0,0,0,0,0,0,0,0,0,0,0,0,0,0,64,191,255,191,255,255,255,255,255,255,128,64,0,0,0,0,0,0,0,0,0,0,0,0,0,0,0,0,0,0,0,64,128,255,255,191,128,0,0,0,0,0,0,0,0,0,0,0,0,0,0,0,0,0,0,0,0,0,0,0,0,0,0,0,0,0,0,0,0,0,0,0,0,0,0,0,0,0,0,0,0,0,0,0,0,0,0,0,0,0,0,0,0,0,0,0,0,0,0,0,0,0,0,0,0,0,0,0,0,0,0,0,0,0,0,0,0,0,0,0,0,0,0,0,0,0,0,0,0,0,0,0,0,0
1,0,0,0,0,0,0,0,0,0,0,0,0,0,0,0,0,0,0,0,0,0,0,0,0,0,0,0,0,0,0,0,0,0,0,0,0,0,0,0,0,0,0,0,0,0,0,0,0,0,0,0,0,0,0,0,0,0,0,0,0,0,0,0,0,0,0,0,0,0,0,0,0,0,0,0,0,0,0,0,0,0,0,0,0,0,0,0,0,0,0,0,0,0,0,0,0,0,0,0,0,0,0,0,0,0,0,0,0,0,0,0,0,0,0,0,0,0,0,0,0,0,0,0,0,0,0,0,0,0,0,0,0,0,0,0,0,0,0,0,0,0,0,0,0,0,0,0,0,0,0,0,7,160,253,191,159,253,253,253,233,9,0,0,0,0,0,0,0,0,0,0,0,0,0,0,0,0,0,0,91,252,252,253,252,252,252,252,253,173,13,0,0,0,0,0,0,0,0,0,0,0,0,0,0,0,0,45,203,252,252,253,240,183,89,152,253,252,69,0,0,0,0,0,0,0,0,0,0,0,0,0,0,0,19,236,252,252,252,203,79,0,0,116,253,252,69,0,0,0,0,0,0,0,0,0,0,0,0,0,0,0,76,252,252,252,95,11,0,0,0,116,253,252,69,0,0,0,0,0,0,0,0,0,0,0,0,0,0,0,0,74,116,74,0,0,0,0,0,127,255,228,32,0,0,0,0,0,0,0,0,0,0,0,0,0,0,0,0,0,0,0,0,0,0,0,81,244,253,185,0,0,0,0,0,0,0,0,0,0,0,0,0,0,0,0,0,0,0,0,0,0,13,101,240,252,236,25,0,0,0,0,0,0,0,0,0,0,0,0,0,0,0,0,0,0,0,76,93,208,215,252,252,252,135,0,0,0,0,0,0,0,0,0,0,0,0,0,0,0,0,0,0,0,116,248,252,253,252,252,252,252,241,84,0,0,0,0,0,0,0,0,0,0,0,0,0,0,0,0,0,0,185,253,253,255,253,253,253,253,242,42,0,0,0,0,0,0,0,0,0,0,0,0,0,0,17,26,0,0,99,164,143,92,92,92,223,252,230,0,0,0,0,0,0,0,0,0,0,0,0,0,0,19,188,221,0,0,0,0,0,0,0,0,207,252,230,0,0,0,0,0,0,0,0,0,0,0,0,0,0,164,252,252,0,0,0,0,0,0,0,0,207,252,230,0,0,0,0,0,0,0,0,0,0,0,0,0,0,184,252,252,0,0,0,0,0,0,0,64,248,252,178,0,0,0,0,0,0,0,0,0,0,0,0,0,0,185,253,190,0,0,0,0,0,13,118,253,253,190,53,0,0,0,0,0,0,0,0,0,0,0,0,0,0,184,252,137,0,0,13,30,43,212,252,252,214,60,0,0,0,0,0,0,0,0,0,0,0,0,0,0,0,184,252,221,70,70,172,227,246,253,252,202,33,0,0,0,0,0,0,0,0,0,0,0,0,0,0,0,0,142,252,252,253,252,252,252,252,203,87,13,0,0,0,0,0,0,0,0,0,0,0,0,0,0,0,0,0,7,65,189,253,252,252,157,85,11,0,0,0,0,0,0,0,0,0,0,0,0,0,0,0,0,0,0,0,0,0,0,0,0,0,0,0,0,0,0,0,0,0,0,0,0,0,0,0,0,0,0,0,0,0,0,0,0,0,0,0,0,0,0,0,0,0,0,0,0,0,0,0,0,0,0,0,0,0,0,0,0,0,0,0,0,0,0,0,0,0,0,0,0,0,0,0,0,0,0,0,0,0,0,0,0,0
1,0,0,0,0,0,0,0,0,0,0,0,0,0,0,0,0,0,0,0,0,0,0,0,0,0,0,0,0,0,0,0,0,0,0,0,0,0,0,0,0,0,0,0,0,0,0,0,0,0,0,0,0,0,0,0,0,0,0,0,0,0,0,0,0,0,0,0,0,0,0,0,0,0,0,0,0,0,0,0,0,0,0,0,0,0,0,0,0,0,0,0,0,0,0,0,0,0,0,0,0,0,0,0,0,0,0,0,0,0,0,0,0,0,0,0,0,0,0,0,0,0,0,0,0,0,0,0,0,0,0,0,0,0,0,0,0,0,0,0,0,0,0,0,0,0,0,0,0,0,0,0,0,0,0,0,166,254,254,254,255,254,232,108,0,0,0,0,0,0,0,0,0,0,0,0,0,0,0,0,0,0,27,123,246,253,253,253,253,253,253,240,45,0,0,0,0,0,0,0,0,0,0,0,0,0,0,0,33,125,224,253,253,253,253,253,253,253,253,253,116,0,0,0,0,0,0,0,0,0,0,0,0,0,0,100,219,253,253,253,253,252,198,142,61,212,253,253,116,0,0,0,0,0,0,0,0,0,0,0,0,0,10,214,253,253,253,247,204,80,0,0,12,207,253,253,116,0,0,0,0,0,0,0,0,0,0,0,0,0,14,239,239,239,128,83,0,0,7,14,166,253,253,252,110,0,0,0,0,0,0,0,0,0,0,0,0,0,0,0,0,0,0,0,0,4,190,253,253,253,253,161,0,0,0,0,0,0,0,0,0,0,0,0,0,0,0,0,0,0,0,21,111,189,253,253,253,253,153,3,0,0,0,0,0,0,0,0,0,0,0,0,0,0,0,0,0,81,128,232,253,253,253,253,224,56,8,0,0,0,0,0,0,0,0,0,0,0,0,0,0,0,0,0,90,248,253,253,253,253,253,253,170,0,0,0,0,0,0,0,0,0,0,0,0,0,0,0,0,0,0,0,111,253,253,253,253,253,253,253,170,0,0,0,0,0,0,0,0,0,0,0,0,0,0,0,0,0,0,0,39,136,188,89,89,182,253,253,224,36,0,0,0,0,0,0,0,0,0,0,0,7,82,5,0,0,0,0,0,0,0,0,0,144,253,253,206,24,0,0,0,0,0,0,0,0,0,0,0,254,253,214,30,0,0,0,0,0,0,0,0,144,253,253,170,0,0,0,0,0,0,0,0,0,0,0,0,254,253,253,61,0,0,0,0,0,0,20,119,248,253,211,27,0,0,0,0,0,0,0,0,0,0,0,0,254,253,253,61,0,0,0,0,0,105,226,253,253,253,150,0,0,0,0,0,0,0,0,0,0,0,0,0,254,253,253,108,63,63,63,122,199,243,253,253,251,191,39,0,0,0,0,0,0,0,0,0,0,0,0,0,254,253,253,253,253,253,253,253,253,253,253,226,206,0,0,0,0,0,0,0,0,0,0,0,0,0,0,0,159,252,253,253,253,253,253,253,246,232,131,34,0,0,0,0,0,0,0,0,0,0,0,0,0,0,0,0,0,159,253,253,253,253,182,116,75,0,0,0,0,0,0,0,0,0,0,0,0,0,0,0,0,0,0,0,0,0,0,0,0,0,0,0,0,0,0,0,0,0,0,0,0,0,0,0,0,0,0,0,0,0,0,0,0,0,0,0,0,0,0,0,0,0,0,0,0,0,0,0,0,0,0,0,0,0,0,0,0,0,0,0,0,0,0,0,0,0,0,0,0,0,0,0,0,0,0,0,0,0,0,0,0,0,0,0
1,0,0,0,0,0,0,0,0,0,0,0,0,0,0,0,0,0,0,0,0,0,0,0,0,0,0,0,0,0,0,0,0,0,0,0,0,0,0,0,0,0,0,0,0,0,0,0,0,0,0,0,0,0,0,0,0,0,0,0,0,0,0,0,0,0,0,0,0,0,0,0,0,0,0,0,0,0,0,0,0,0,0,0,0,0,0,0,0,0,0,0,0,0,0,0,0,0,0,0,0,0,0,0,0,0,0,0,0,0,0,0,0,0,0,0,0,0,0,0,0,0,0,0,0,0,0,0,37,240,145,0,0,0,0,0,0,0,0,0,0,0,0,0,0,0,0,0,0,0,0,0,0,0,0,9,221,254,187,2,0,0,0,0,0,0,0,0,0,0,0,0,0,0,0,0,0,0,0,0,0,0,59,163,254,215,254,175,145,48,0,0,0,0,0,0,0,0,0,0,0,0,0,0,0,0,0,0,67,121,239,254,254,239,96,172,109,213,220,67,5,0,0,0,0,0,0,0,0,0,0,0,0,0,0,26,213,254,254,254,254,219,136,206,231,254,254,254,55,0,0,0,0,0,0,0,0,0,0,0,0,0,0,136,254,254,254,254,254,254,254,254,254,254,254,254,55,0,0,0,0,0,0,0,0,0,0,0,0,0,0,185,254,254,238,169,107,75,221,254,254,254,254,222,15,0,0,0,0,0,0,0,0,0,0,0,0,0,0,44,209,177,13,1,64,226,254,254,254,249,179,16,0,0,0,0,0,0,0,0,0,0,0,0,0,0,0,0,0,0,57,138,254,254,254,254,254,106,0,0,0,0,0,0,0,0,0,0,0,0,0,0,0,0,46,124,245,250,253,254,254,254,254,254,175,1,0,0,0,0,0,0,0,0,0,0,0,0,0,0,17,205,250,254,254,254,254,254,254,254,254,254,207,8,0,0,0,0,0,0,0,0,0,0,0,0,0,0,84,254,254,254,254,254,254,254,254,254,254,254,254,20,0,0,0,0,0,0,0,0,0,0,0,0,0,0,74,239,251,200,145,139,120,40,40,40,183,254,254,20,0,0,0,0,0,0,0,0,0,0,0,0,0,0,0,0,67,0,0,0,0,0,0,66,227,254,254,20,0,0,0,0,0,0,0,0,0,0,0,6,64,0,0,0,0,0,0,0,0,1,49,235,254,254,247,18,0,0,0,0,0,0,0,0,0,0,0,87,248,29,0,0,0,0,0,0,48,124,254,254,254,247,120,0,0,0,0,0,0,0,0,0,0,0,0,155,254,151,36,36,47,63,91,173,247,254,254,254,203,69,0,0,0,0,0,0,0,0,0,0,0,0,0,61,239,254,254,254,254,254,254,254,254,254,254,172,22,0,0,0,0,0,0,0,0,0,0,0,0,0,0,0,153,254,254,254,254,254,254,254,228,207,86,2,0,0,0,0,0,0,0,0,0,0,0,0,0,0,0,0,24,120,241,254,254,181,154,118,23,0,0,0,0,0,0,0,0,0,0,0,0,0,0,0,0,0,0,0,0,0,0,0,0,0,0,0,0,0,0,0,0,0,0,0,0,0,0,0,0,0,0,0,0,0,0,0,0,0,0,0,0,0,0,0,0,0,0,0,0,0,0,0,0,0,0,0,0,0,0,0,0,0,0,0,0,0,0,0,0,0,0,0,0,0,0,0,0,0,0,0,0,0,0,0,0,0,0,0,0,0,0,0,0,0,0,0,0,0,0,0,0,0,0,0,0,0,0,0,0,0,0,0,0,0,0
1,0,0,0,0,0,0,0,0,0,0,0,0,0,0,0,0,0,0,0,0,0,0,0,0,0,0,0,0,0,0,0,0,0,0,0,0,0,0,0,0,0,0,0,0,0,0,0,0,0,0,0,0,0,0,0,0,0,0,0,0,0,0,0,0,0,0,0,0,0,0,0,0,0,0,0,0,0,0,0,0,0,0,0,0,0,0,0,0,0,0,0,0,0,0,0,0,0,0,0,0,0,0,0,0,0,0,0,0,0,0,0,0,0,0,0,0,0,0,0,0,0,0,0,0,0,0,0,0,0,0,0,0,0,0,0,0,0,0,0,0,0,0,0,0,0,0,0,0,0,0,12,254,138,34,34,34,34,34,26,0,0,0,0,0,0,0,0,0,0,0,0,0,0,0,0,0,0,0,12,253,253,253,254,253,253,253,237,138,6,0,0,0,0,0,0,0,0,0,0,0,0,0,0,0,0,0,7,171,253,253,254,253,253,253,253,253,209,39,0,0,0,0,0,0,0,0,0,0,0,0,0,0,0,0,0,22,154,231,232,231,231,243,253,253,253,99,0,0,0,0,0,0,0,0,0,0,0,0,0,0,0,0,0,0,0,0,0,0,0,133,253,253,251,78,0,0,0,0,0,0,0,0,0,0,0,0,0,0,0,0,0,0,0,0,0,0,35,175,253,253,242,0,0,0,0,0,0,0,0,0,0,0,0,0,0,0,0,0,0,0,0,5,12,89,222,253,253,250,39,0,0,0,0,0,0,0,0,0,0,0,0,0,0,0,0,0,0,0,116,198,254,253,253,253,200,65,0,0,0,0,0,0,0,0,0,0,0,0,0,0,0,0,0,0,0,116,237,253,254,253,253,203,23,0,0,0,0,0,0,0,0,0,0,0,0,0,0,0,0,0,0,0,0,59,253,253,254,253,253,227,39,0,0,0,0,0,0,0,0,0,0,0,0,0,0,0,0,0,0,0,0,20,193,221,159,139,249,254,150,0,0,0,0,0,0,0,0,0,0,0,0,0,0,0,0,0,0,0,0,0,0,0,0,0,108,251,198,0,0,0,0,0,0,0,0,0,0,0,0,0,0,0,0,0,0,0,0,0,0,0,0,0,0,243,198,0,0,0,0,0,0,0,0,0,0,0,0,0,0,0,9,1,0,0,0,0,0,0,0,0,9,244,198,0,0,0,0,0,0,0,0,0,0,0,0,0,0,0,172,169,94,37,0,0,0,0,0,0,172,253,198,0,0,0,0,0,0,0,0,0,0,0,0,0,0,0,210,253,253,165,0,0,0,0,0,92,244,253,198,0,0,0,0,0,0,0,0,0,0,0,0,0,0,0,105,253,253,207,69,0,4,12,137,247,253,248,93,0,0,0,0,0,0,0,0,0,0,0,0,0,0,0,0,205,253,253,249,155,185,253,255,253,253,102,0,0,0,0,0,0,0,0,0,0,0,0,0,0,0,0,0,6,138,203,253,253,253,253,254,253,98,3,0,0,0,0,0,0,0,0,0,0,0,0,0,0,0,0,0,0,0,12,138,253,253,205,129,33,6,0,0,0,0,0,0,0,0,0,0,0,0,0,0,0,0,0,0,0,0,0,0,0,0,0,0,0,0,0,0,0,0,0,0,0,0,0,0,0,0,0,0,0,0,0,0,0,0,0,0,0,0,0,0,0,0,0,0,0,0,0,0,0,0,0,0,0,0,0,0,0,0,0,0,0,0,0,0,0,0,0,0,0,0,0,0,0,0,0,0,0,0,0,0,0
1,0,0,0,0,0,0,0,0,0,0,0,0,0,0,0,0,0,0,0,0,0,0,0,0,0,0,0,0,0,0,0,0,0,0,0,0,0,0,0,0,0,0,0,0,0,0,0,0,0,0,0,0,0,0,0,0,0,0,0,0,0,0,0,0,0,0,0,0,0,0,0,0,0,0,0,0,0,0,0,0,0,0,0,0,0,0,0,0,0,0,0,0,0,0,0,0,0,0,0,0,0,0,0,0,0,0,0,0,0,0,0,0,0,0,0,0,0,0,0,0,0,0,0,0,0,0,0,0,0,0,0,0,0,0,0,0,0,0,0,0,0,0,0,0,0,0,0,0,0,38,144,225,63,0,147,253,237,50,0,0,0,0,0,0,0,0,0,0,0,0,0,0,0,0,0,0,38,219,252,249,240,226,249,252,252,237,226,225,175,0,0,0,0,0,0,0,0,0,0,0,0,0,0,0,222,252,252,252,252,253,252,252,252,252,253,252,227,47,0,0,0,0,0,0,0,0,0,0,0,0,0,0,159,252,252,249,145,84,84,115,227,252,253,252,195,0,0,0,0,0,0,0,0,0,0,0,0,0,0,0,50,112,112,99,0,0,0,0,29,252,253,252,195,0,0,0,0,0,0,0,0,0,0,0,0,0,0,0,0,0,0,0,0,0,0,0,29,253,255,253,196,0,0,0,0,0,0,0,0,0,0,0,0,0,0,0,0,0,0,0,0,86,85,85,104,252,253,252,227,47,0,0,0,0,0,0,0,0,0,0,0,0,0,0,0,19,88,197,197,253,252,252,252,252,253,252,164,0,0,0,0,0,0,0,0,0,0,0,0,0,0,0,0,101,252,252,252,253,252,252,252,252,253,252,55,0,0,0,0,0,0,0,0,0,0,0,0,0,0,0,0,146,252,252,252,253,252,252,252,252,253,252,55,0,0,0,0,0,0,0,0,0,0,0,0,0,0,0,0,0,111,140,63,0,0,57,253,253,255,253,119,0,0,0,0,0,0,0,0,0,0,0,0,0,0,0,0,0,0,0,0,0,0,6,130,252,253,252,195,0,0,0,0,0,0,0,0,0,0,0,0,0,0,0,0,0,0,0,0,0,0,0,7,165,253,252,195,0,0,0,0,0,0,0,0,0,0,0,0,0,0,0,0,0,0,0,0,0,0,0,35,215,253,252,195,0,0,0,0,0,0,0,0,0,0,0,0,0,0,0,0,0,0,0,0,0,0,32,215,252,253,252,118,0,0,0,0,0,0,0,0,0,0,0,147,253,237,50,0,0,0,0,0,0,101,144,253,253,255,168,0,0,0,0,0,0,0,0,0,0,0,0,225,252,252,237,226,178,85,76,48,147,249,252,252,252,253,42,0,0,0,0,0,0,0,0,0,0,0,0,97,208,252,252,253,252,252,246,227,253,252,252,245,195,56,6,0,0,0,0,0,0,0,0,0,0,0,0,0,19,84,161,225,223,246,252,252,253,252,198,74,0,0,0,0,0,0,0,0,0,0,0,0,0,0,0,0,0,0,0,0,0,119,252,252,253,127,25,0,0,0,0,0,0,0,0,0,0,0,0,0,0,0,0,0,0,0,0,0,0,0,0,0,0,0,0,0,0,0,0,0,0,0,0,0,0,0,0,0,0,0,0,0,0,0,0,0,0,0,0,0,0,0,0,0,0,0,0,0,0,0,0,0,0,0,0,0,0,0,0,0,0,0,0,0,0,0,0,0,0,0,0,0,0,0,0,0,0,0,0,0,0,0,0
1,0,0,0,0,0,0,0,0,0,0,0,0,0,0,0,0,0,0,0,0,0,0,0,0,0,0,0,0,0,0,0,0,0,0,0,0,0,0,0,0,0,0,0,0,0,0,0,0,0,0,0,0,0,0,0,0,0,0,0,0,0,0,0,0,0,0,0,0,0,0,0,0,0,0,0,0,0,0,0,0,0,0,0,0,0,0,0,0,0,0,0,0,0,0,0,0,0,0,0,0,0,0,0,0,0,0,0,0,0,0,0,0,0,0,0,0,0,0,0,0,0,0,0,0,0,0,0,0,0,0,0,0,0,0,0,0,0,0,0,0,0,0,0,0,0,0,0,0,0,0,0,1,90,47,149,187,212,254,255,254,254,254,212,0,0,0,0,0,0,0,0,0,0,0,0,0,0,13,197,198,253,253,253,253,253,253,246,160,164,253,211,0,0,0,0,0,0,0,0,0,0,0,0,0,0,59,253,253,196,114,114,114,101,10,9,0,168,253,211,0,0,0,0,0,0,0,0,0,0,0,0,0,0,5,134,82,0,0,0,0,0,0,9,160,244,253,101,0,0,0,0,0,0,0,0,0,0,0,0,0,0,0,0,0,0,0,0,0,0,8,128,247,252,138,4,0,0,0,0,0,0,0,0,0,0,0,0,0,0,0,0,0,0,0,0,0,0,47,243,253,247,38,0,0,0,0,0,0,0,0,0,0,0,0,0,0,0,0,0,0,0,0,0,12,127,233,253,253,200,0,0,0,0,0,0,0,0,0,0,0,0,0,0,0,0,0,0,0,0,0,62,207,253,253,253,253,247,38,0,0,0,0,0,0,0,0,0,0,0,0,0,0,0,0,0,94,213,130,251,253,253,206,253,253,198,0,0,0,0,0,0,0,0,0,0,0,0,0,0,0,0,0,26,230,253,253,253,135,86,48,244,253,76,0,0,0,0,0,0,0,0,0,0,0,0,0,0,0,0,0,0,213,253,253,97,13,13,189,253,187,22,0,0,0,0,0,0,0,0,0,0,0,0,0,0,0,0,0,26,110,169,5,1,15,153,253,224,36,0,0,0,0,0,0,0,0,0,0,0,0,0,0,0,0,0,0,0,0,0,0,0,89,247,253,135,0,0,0,0,0,0,0,0,0,0,0,0,0,0,0,0,0,0,0,0,0,0,0,0,137,253,221,15,0,0,0,0,0,0,0,0,0,0,0,0,0,0,0,26,131,110,10,0,0,0,0,30,207,253,221,15,0,0,0,0,0,0,0,0,0,0,0,0,0,8,135,237,232,100,3,0,0,0,0,186,253,195,98,3,0,0,0,0,0,0,0,0,0,0,0,0,103,202,253,169,41,0,0,17,40,68,81,252,253,152,0,0,0,0,0,0,0,0,0,0,0,0,0,0,197,253,239,157,218,218,218,227,239,253,239,253,173,17,0,0,0,0,0,0,0,0,0,0,0,0,0,0,188,253,253,253,253,253,253,216,196,196,242,244,48,0,0,0,0,0,0,0,0,0,0,0,0,0,0,0,90,149,149,149,97,46,46,16,0,0,37,39,0,0,0,0,0,0,0,0,0,0,0,0,0,0,0,0,0,0,0,0,0,0,0,0,0,0,0,0,0,0,0,0,0,0,0,0,0,0,0,0,0,0,0,0,0,0,0,0,0,0,0,0,0,0,0,0,0,0,0,0,0,0,0,0,0,0,0,0,0,0,0,0,0,0,0,0,0,0,0,0,0,0,0,0,0,0,0,0,0,0,0,0,0,0,0,0,0
1,0,0,0,0,0,0,0,0,0,0,0,0,0,0,0,0,0,0,0,0,0,0,0,0,0,0,0,0,0,0,0,0,0,0,0,0,0,0,0,0,0,0,0,0,0,0,0,0,0,0,0,0,0,0,0,0,0,0,0,0,0,0,0,0,0,0,0,0,0,0,0,0,0,0,0,0,0,0,0,0,0,0,0,0,0,0,0,0,0,0,0,0,0,0,0,0,0,0,0,0,0,0,0,0,0,0,0,0,0,0,0,0,0,0,0,0,0,0,0,0,0,0,0,0,0,0,0,0,0,0,0,0,0,0,0,0,0,0,0,0,0,0,0,0,0,0,12,169,254,254,254,230,145,88,6,0,0,0,0,0,0,0,0,0,0,0,0,0,0,0,0,0,0,0,124,253,253,253,253,253,253,254,225,180,169,86,8,0,0,0,0,0,0,0,0,0,0,0,0,0,0,0,196,249,228,228,244,236,252,254,253,253,253,253,203,56,0,0,0,0,0,0,0,0,0,0,0,0,0,0,55,90,0,0,37,19,55,60,170,234,253,253,253,195,0,0,0,0,0,0,0,0,0,0,0,0,0,0,0,0,0,0,0,0,0,0,0,21,102,214,253,195,0,0,0,0,0,0,0,0,0,0,0,0,0,0,0,0,0,0,0,0,0,0,0,5,71,245,253,180,0,0,0,0,0,0,0,0,0,0,0,0,0,0,0,0,0,0,0,0,0,2,95,224,253,253,226,25,0,0,0,0,0,0,0,0,0,0,0,0,0,0,0,0,0,0,0,0,0,125,253,253,244,109,20,0,0,0,0,0,0,0,0,0,0,0,0,0,0,0,0,0,0,0,0,0,0,254,253,137,32,0,0,0,0,0,0,0,0,0,0,0,0,0,0,0,0,0,0,0,0,0,0,0,107,254,210,2,0,0,0,0,0,0,0,0,0,0,0,0,0,0,0,0,0,0,0,0,0,0,0,0,164,255,254,211,26,0,0,0,0,0,0,0,0,0,0,0,0,0,0,0,0,0,0,0,0,0,0,0,74,248,253,253,243,115,53,0,0,0,0,0,0,0,0,0,0,0,0,0,0,0,0,0,0,0,0,0,0,47,180,245,253,253,224,14,0,0,0,0,0,0,0,0,0,0,0,0,0,0,0,0,0,0,0,0,0,0,4,47,206,253,253,132,0,0,0,0,0,0,0,0,0,0,0,0,0,0,0,0,0,0,0,0,0,0,0,0,7,109,253,195,0,0,0,0,0,0,0,0,0,0,0,0,0,0,0,0,0,0,0,0,0,0,0,0,0,41,253,195,0,0,0,0,0,0,0,0,0,0,0,0,0,0,0,0,0,0,0,0,0,0,0,6,95,184,253,150,0,0,0,0,0,0,0,0,0,0,0,0,0,0,0,32,66,51,0,62,93,148,205,231,253,253,224,22,0,0,0,0,0,0,0,0,0,0,0,0,0,0,22,231,253,249,237,252,253,254,253,253,253,241,66,0,0,0,0,0,0,0,0,0,0,0,0,0,0,0,0,20,158,243,253,253,253,254,253,218,134,22,0,0,0,0,0,0,0,0,0,0,0,0,0,0,0,0,0,0,0,0,0,0,0,0,0,0,0,0,0,0,0,0,0,0,0,0,0,0,0,0,0,0,0,0,0,0,0,0,0,0,0,0,0,0,0,0,0,0,0,0,0,0,0,0,0,0,0,0,0,0,0,0,0,0,0,0,0,0,0,0,0,0,0,0,0,0,0,0,0,0,0,0,0,0
1,0,0,0,0,0,0,0,0,0,0,0,0,0,0,0,0,0,0,0,0,0,0,0,0,0,0,0,0,0,0,0,0,0,0,0,0,0,0,0,0,0,0,0,0,0,0,0,0,0,0,0,0,0,0,0,0,0,0,0,0,0,0,0,0,0,0,0,0,0,0,0,0,0,0,0,0,0,0,0,0,0,0,0,0,0,0,0,0,0,0,0,0,0,0,0,0,0,0,0,0,0,0,0,0,0,0,0,0,0,0,0,0,0,0,0,0,0,0,0,0,0,0,0,0,0,0,0,0,0,0,0,0,0,0,0,0,0,0,0,0,0,0,0,0,0,0,0,0,0,14,104,156,156,194,255,254,254,177,0,0,0,0,0,0,0,0,0,0,0,0,0,0,0,0,0,0,91,224,253,253,253,253,254,253,253,247,177,118,118,88,9,0,0,0,0,0,0,0,0,0,0,0,0,0,128,254,253,253,253,253,254,253,253,253,253,254,253,253,211,108,0,0,0,0,0,0,0,0,0,0,0,0,8,177,206,117,117,117,139,130,117,169,213,223,253,253,253,118,0,0,0,0,0,0,0,0,0,0,0,0,0,0,0,0,0,0,0,0,0,0,0,209,253,253,237,58,0,0,0,0,0,0,0,0,0,0,0,0,0,0,0,0,0,0,0,0,0,62,254,255,254,254,57,0,0,0,0,0,0,0,0,0,0,0,0,0,0,0,0,0,0,0,0,17,147,235,253,254,236,68,3,0,0,0,0,0,0,0,0,0,0,0,0,0,0,0,0,0,73,153,176,211,253,253,253,235,57,0,0,0,0,0,0,0,0,0,0,0,0,0,0,0,0,10,167,234,251,253,254,253,253,253,162,15,0,0,0,0,0,0,0,0,0,0,0,0,0,0,0,0,0,97,253,253,253,253,254,253,253,253,230,38,0,0,0,0,0,0,0,0,0,0,0,0,0,0,0,0,0,46,245,254,254,208,196,195,213,254,254,255,61,0,0,0,0,0,0,0,0,0,0,0,0,0,0,0,0,0,33,39,39,9,0,0,12,146,253,254,181,0,0,0,0,0,0,0,0,0,0,0,0,0,0,0,0,0,0,0,0,0,0,0,0,70,253,254,173,0,0,0,0,0,0,0,0,0,0,0,0,0,0,0,0,0,0,0,0,0,0,0,0,47,253,254,128,0,0,0,0,0,0,0,0,0,0,0,0,0,0,16,60,0,0,0,0,0,0,0,0,115,253,231,46,0,0,0,0,0,0,0,0,0,0,0,14,104,224,254,133,0,0,0,0,0,0,5,89,209,254,241,30,0,0,0,0,0,0,0,0,0,0,0,36,238,253,189,31,0,0,0,0,0,13,76,253,253,253,218,15,0,0,0,0,0,0,0,0,0,0,0,97,253,253,121,48,0,0,0,58,175,224,253,253,253,253,60,0,0,0,0,0,0,0,0,0,0,0,0,36,238,253,253,245,235,196,234,244,253,254,253,253,201,79,0,0,0,0,0,0,0,0,0,0,0,0,0,14,185,253,253,253,254,253,253,253,253,254,245,126,5,0,0,0,0,0,0,0,0,0,0,0,0,0,0,0,0,0,0,0,0,0,0,0,0,0,0,0,0,0,0,0,0,0,0,0,0,0,0,0,0,0,0,0,0,0,0,0,0,0,0,0,0,0,0,0,0,0,0,0,0,0,0,0,0,0,0,0,0,0,0,0,0,0,0,0,0,0,0,0,0,0,0,0,0,0,0,0,0,0,0,0,0,0,0
1,0,0,0,0,0,0,0,0,0,0,0,0,0,0,0,0,0,0,0,0,0,0,0,0,0,0,0,0,0,0,0,0,0,0,0,0,0,0,0,0,0,0,0,0,0,0,0,0,0,0,0,0,0,0,0,0,0,0,0,0,0,0,0,0,0,0,0,0,0,0,0,0,0,0,0,0,0,0,0,0,0,0,0,0,0,0,0,0,0,0,0,0,0,0,0,0,0,0,0,0,0,0,0,0,0,0,0,0,0,0,0,0,0,0,0,0,0,0,0,0,0,0,0,0,0,0,0,0,0,0,0,0,0,0,0,0,0,0,0,0,0,0,0,0,0,0,0,0,0,0,0,0,0,0,51,113,222,237,113,63,0,0,0,0,0,0,0,0,0,0,0,0,0,0,0,0,0,0,76,85,178,225,238,252,252,252,252,178,9,0,0,0,0,0,0,0,0,0,0,0,0,0,0,0,0,89,246,252,252,252,253,252,252,252,252,253,155,13,0,0,0,0,0,0,0,0,0,0,0,0,0,0,0,113,252,252,252,252,253,242,223,164,252,253,252,55,0,0,0,0,0,0,0,0,0,0,0,0,0,0,0,50,158,252,252,252,190,74,0,169,252,253,252,133,0,0,0,0,0,0,0,0,0,0,0,0,0,0,0,0,0,111,126,0,0,38,222,253,253,255,253,56,0,0,0,0,0,0,0,0,0,0,0,0,0,0,0,0,0,67,85,85,86,140,252,252,252,253,223,37,0,0,0,0,0,0,0,0,0,0,0,0,0,0,0,0,0,197,252,252,253,252,252,252,252,165,37,0,0,0,0,0,0,0,0,0,0,0,0,0,0,0,0,0,0,197,252,252,253,252,252,252,252,63,0,0,0,0,0,0,0,0,0,0,0,0,0,0,0,0,0,0,0,197,252,252,253,252,252,252,252,140,0,0,0,0,0,0,0,0,0,0,0,0,0,0,0,0,0,0,0,0,16,140,192,253,253,253,253,192,12,0,0,0,0,0,0,0,0,0,0,0,0,0,144,76,0,0,0,0,0,0,12,27,155,252,252,253,27,0,0,0,0,0,0,0,0,0,0,0,0,0,197,246,119,0,0,0,0,0,0,0,88,252,252,228,21,0,0,0,0,0,0,0,0,0,0,0,0,0,103,252,252,95,0,0,0,0,0,73,234,252,252,140,0,0,0,0,0,0,0,0,0,0,0,0,0,0,25,205,252,203,15,0,0,0,0,225,252,252,252,140,0,0,0,0,0,0,0,0,0,0,0,0,0,0,0,170,253,255,27,0,0,0,114,253,253,253,253,141,0,0,0,0,0,0,0,0,0,0,0,0,0,0,0,122,252,253,228,116,101,225,238,252,252,252,204,15,0,0,0,0,0,0,0,0,0,0,0,0,0,0,0,22,227,253,252,252,252,252,253,252,252,198,25,0,0,0,0,0,0,0,0,0,0,0,0,0,0,0,0,0,126,237,252,252,252,252,253,252,198,28,0,0,0,0,0,0,0,0,0,0,0,0,0,0,0,0,0,0,0,50,112,221,252,252,190,112,25,0,0,0,0,0,0,0,0,0,0,0,0,0,0,0,0,0,0,0,0,0,0,0,0,0,0,0,0,0,0,0,0,0,0,0,0,0,0,0,0,0,0,0,0,0,0,0,0,0,0,0,0,0,0,0,0,0,0,0,0,0,0,0,0,0,0,0,0,0,0,0,0,0,0,0,0,0,0,0,0,0,0,0,0,0,0,0,0,0,0,0,0,0,0,0
1,0,0,0,0,0,0,0,0,0,0,0,0,0,0,0,0,0,0,0,0,0,0,0,0,0,0,0,0,0,0,0,0,0,0,0,0,0,0,0,0,0,0,0,0,0,0,0,0,0,0,0,0,0,0,0,0,0,0,0,0,0,0,0,0,0,0,0,0,0,0,0,0,0,0,0,0,0,0,0,0,0,0,0,0,0,0,0,0,0,0,0,0,0,0,0,0,0,0,0,0,0,0,0,0,0,0,0,0,0,0,0,0,0,0,0,0,0,0,0,0,0,0,0,0,0,0,0,0,0,0,0,0,0,0,0,0,0,0,0,0,0,0,0,0,0,0,0,0,0,0,0,0,31,137,137,137,189,139,150,233,137,99,3,0,0,0,0,0,0,0,0,0,0,0,0,0,0,82,154,154,218,254,254,254,254,254,254,254,254,160,19,0,0,0,0,0,0,0,0,0,0,0,0,0,42,239,254,254,254,254,254,254,254,227,232,254,254,254,35,0,0,0,0,0,0,0,0,0,0,0,0,0,0,226,254,254,254,254,254,228,130,32,38,100,254,254,124,0,0,0,0,0,0,0,0,0,0,0,0,0,0,184,254,254,254,164,47,30,0,0,0,145,254,254,99,0,0,0,0,0,0,0,0,0,0,0,0,0,0,63,147,136,29,9,0,0,0,6,122,245,254,219,90,0,0,0,0,0,0,0,0,0,0,0,0,0,0,0,0,0,0,0,0,0,6,128,254,254,253,150,17,0,0,0,0,0,0,0,0,0,0,0,0,0,0,0,0,0,0,0,0,121,245,254,254,232,90,0,0,0,0,0,0,0,0,0,0,0,0,0,0,0,0,0,0,0,0,10,133,240,254,254,254,149,26,0,0,0,0,0,0,0,0,0,0,0,0,0,0,0,0,0,0,0,0,32,227,255,254,254,255,143,0,0,0,0,0,0,0,0,0,0,0,0,0,0,0,0,0,0,0,0,0,116,254,254,254,182,254,194,22,0,0,0,0,0,0,0,0,0,0,0,0,0,0,0,0,0,0,0,0,105,254,219,107,52,205,237,45,0,0,0,0,0,0,0,0,0,0,0,0,0,24,29,0,0,0,0,0,44,194,89,0,76,254,250,65,0,0,0,0,0,0,0,0,0,0,0,0,91,251,126,0,0,0,0,0,0,3,0,59,250,254,208,2,0,0,0,0,0,0,0,0,0,0,0,0,106,254,114,0,0,0,0,0,0,10,130,196,254,237,128,0,0,0,0,0,0,0,0,0,0,0,0,0,100,254,175,22,0,0,0,0,34,166,254,254,252,87,0,0,0,0,0,0,0,0,0,0,0,0,0,0,125,254,235,88,66,5,66,140,233,254,254,254,71,0,0,0,0,0,0,0,0,0,0,0,0,0,0,0,25,228,254,254,254,205,254,254,254,254,140,53,1,0,0,0,0,0,0,0,0,0,0,0,0,0,0,0,0,24,124,236,254,254,254,254,254,176,25,0,0,0,0,0,0,0,0,0,0,0,0,0,0,0,0,0,0,0,0,112,241,254,254,160,17,4,0,0,0,0,0,0,0,0,0,0,0,0,0,0,0,0,0,0,0,0,0,0,0,0,0,0,0,0,0,0,0,0,0,0,0,0,0,0,0,0,0,0,0,0,0,0,0,0,0,0,0,0,0,0,0,0,0,0,0,0,0,0,0,0,0,0,0,0,0,0,0,0,0,0,0,0,0,0,0,0,0,0,0,0,0,0,0,0,0,0,0,0,0,0,0,0,0
1,0,0,0,0,0,0,0,0,0,0,0,0,0,0,0,0,0,0,0,0,0,0,0,0,0,0,0,0,0,0,0,0,0,0,0,0,0,0,0,0,0,0,0,0,0,0,0,0,0,0,0,0,0,0,0,0,0,0,0,0,0,0,0,0,0,0,0,0,0,0,0,0,0,0,0,0,0,0,0,0,0,0,0,0,0,0,0,0,0,0,0,0,0,0,0,0,0,0,0,0,0,0,0,0,0,0,0,0,0,0,0,0,0,0,0,0,0,0,0,0,0,0,0,0,0,0,0,0,0,0,0,0,0,0,0,0,0,0,0,0,0,0,0,0,0,0,0,0,96,121,121,134,254,254,192,121,191,234,53,160,38,0,0,0,0,0,0,0,0,0,0,0,0,0,0,77,251,253,253,253,253,253,254,253,253,253,244,250,150,0,0,0,0,0,0,0,0,0,0,0,0,0,0,201,253,253,253,253,253,253,254,253,253,253,253,225,38,0,0,0,0,0,0,0,0,0,0,0,0,0,0,214,253,236,173,173,173,173,40,166,153,233,253,253,80,0,0,0,0,0,0,0,0,0,0,0,0,0,0,45,53,42,0,0,0,0,0,29,136,253,253,253,80,0,0,0,0,0,0,0,0,0,0,0,0,0,0,0,0,0,0,6,54,54,188,215,253,253,253,185,21,0,0,0,0,0,0,0,0,0,0,0,0,0,0,0,0,0,0,27,253,253,254,253,253,253,116,21,0,0,0,0,0,0,0,0,0,0,0,0,0,0,0,0,0,0,0,42,253,253,254,253,253,253,53,0,0,0,0,0,0,0,0,0,0,0,0,0,0,0,0,0,0,0,0,161,253,253,254,253,253,253,169,46,0,0,0,0,0,0,0,0,0,0,0,0,0,0,0,0,0,0,0,91,253,253,254,253,253,253,253,199,0,0,0,0,0,0,0,0,0,0,0,0,0,0,0,0,0,0,0,0,0,0,0,128,242,254,254,254,143,0,0,0,0,0,0,0,0,0,0,0,0,0,0,0,0,0,0,0,0,0,0,0,11,55,231,253,230,40,0,0,0,0,0,0,0,0,0,0,0,0,0,0,0,0,0,0,0,0,0,0,0,0,151,253,253,142,0,0,0,0,0,0,0,0,0,0,0,43,0,0,0,0,0,0,0,0,0,0,0,0,11,155,253,249,90,0,0,0,0,0,0,0,0,0,0,219,151,46,0,0,0,0,0,0,0,0,0,0,0,54,253,196,22,0,0,0,0,0,0,0,0,0,0,142,253,232,152,54,17,0,32,26,0,0,0,0,79,201,253,93,0,0,0,0,0,0,0,0,0,0,0,91,228,253,253,253,199,174,220,211,175,47,160,174,237,253,247,78,0,0,0,0,0,0,0,0,0,0,0,0,85,226,248,253,253,253,253,253,255,253,253,253,253,247,120,0,0,0,0,0,0,0,0,0,0,0,0,0,0,0,120,240,249,253,253,253,255,253,253,253,207,84,0,0,0,0,0,0,0,0,0,0,0,0,0,0,0,0,0,0,83,120,127,253,255,126,120,120,25,0,0,0,0,0,0,0,0,0,0,0,0,0,0,0,0,0,0,0,0,0,0,0,0,0,0,0,0,0,0,0,0,0,0,0,0,0,0,0,0,0,0,0,0,0,0,0,0,0,0,0,0,0,0,0,0,0,0,0,0,0,0,0,0,0,0,0,0,0,0,0,0,0,0,0,0,0,0,0,0,0,0,0,0,0,0,0,0,0,0,0,0,0
1,0,0,0,0,0,0,0,0,0,0,0,0,0,0,0,0,0,0,0,0,0,0,0,0,0,0,0,0,0,0,0,0,0,0,0,0,0,0,0,0,0,0,0,0,0,0,0,0,0,0,0,0,0,0,0,0,0,0,0,0,0,0,0,0,0,0,0,0,0,0,0,0,0,0,0,0,0,0,0,0,0,0,0,0,0,0,0,0,0,0,0,0,0,0,0,0,0,0,0,0,0,0,0,0,0,0,0,0,0,0,0,0,0,0,0,0,0,0,0,0,0,0,0,0,0,0,0,0,0,0,0,0,0,0,0,0,0,0,0,0,0,0,0,0,0,0,31,51,152,152,152,193,214,253,254,172,132,51,41,0,0,0,0,0,0,0,0,0,0,0,0,0,62,183,233,252,253,252,253,252,253,252,253,252,253,252,243,122,0,0,0,0,0,0,0,0,0,0,0,0,82,223,254,253,254,253,203,203,203,162,203,203,203,243,254,253,173,10,0,0,0,0,0,0,0,0,0,0,0,20,91,50,50,50,0,0,0,0,0,0,0,40,71,192,253,172,0,0,0,0,0,0,0,0,0,0,0,0,0,0,0,0,0,0,0,0,0,0,0,0,11,173,254,233,0,0,0,0,0,0,0,0,0,0,0,0,0,0,0,0,0,0,0,0,0,0,0,41,213,252,253,111,0,0,0,0,0,0,0,0,0,0,0,0,0,0,0,0,0,0,0,0,31,132,214,253,254,253,123,0,0,0,0,0,0,0,0,0,0,0,0,0,0,0,0,0,0,0,123,203,233,252,253,252,253,130,0,0,0,0,0,0,0,0,0,0,0,0,0,0,0,0,0,0,0,102,254,253,254,253,254,253,254,253,92,10,0,0,0,0,0,0,0,0,0,0,0,0,0,0,0,0,0,61,253,252,151,151,112,151,131,252,253,131,0,0,0,0,0,0,0,0,0,0,0,0,0,0,0,0,0,0,0,0,0,0,0,0,0,0,234,253,123,0,0,0,0,0,0,0,0,0,0,0,0,0,0,0,0,0,0,0,0,0,0,0,0,0,71,252,203,0,0,0,0,0,0,0,0,0,0,0,51,152,142,0,0,0,0,0,0,0,0,0,0,0,0,203,254,50,0,0,0,0,0,0,0,0,0,0,193,252,20,0,0,0,0,0,0,0,0,0,0,0,41,243,253,50,0,0,0,0,0,0,0,0,0,102,254,253,0,0,0,0,0,0,0,0,0,0,0,0,173,253,244,40,0,0,0,0,0,0,0,0,0,61,253,252,0,0,0,0,0,0,0,0,0,0,0,41,253,252,162,0,0,0,0,0,0,0,0,0,0,0,193,253,234,51,0,0,0,0,0,0,0,41,132,253,255,233,41,0,0,0,0,0,0,0,0,0,0,0,71,252,253,232,203,162,82,0,21,102,163,243,253,252,233,50,0,0,0,0,0,0,0,0,0,0,0,0,0,41,214,253,254,253,254,253,254,253,254,253,244,203,41,0,0,0,0,0,0,0,0,0,0,0,0,0,0,0,10,91,213,252,253,252,253,252,253,171,40,0,0,0,0,0,0,0,0,0,0,0,0,0,0,0,0,0,0,0,0,0,0,0,0,0,0,0,0,0,0,0,0,0,0,0,0,0,0,0,0,0,0,0,0,0,0,0,0,0,0,0,0,0,0,0,0,0,0,0,0,0,0,0,0,0,0,0,0,0,0,0,0,0,0,0,0,0,0,0,0,0,0,0,0,0,0,0,0,0,0,0,0,0
1,0,0,0,0,0,0,0,0,0,0,0,0,0,0,0,0,0,0,0,0,0,0,0,0,0,0,0,0,0,0,0,0,0,0,0,0,0,0,0,0,0,0,0,0,0,0,0,0,0,0,0,0,0,0,0,0,0,0,0,0,0,0,0,0,0,0,0,0,0,0,0,0,0,0,0,0,0,0,0,0,0,0,0,0,0,0,0,0,0,0,0,0,0,0,0,0,0,0,0,0,0,0,0,0,0,0,0,0,0,0,0,0,0,0,0,0,0,0,0,0,0,0,0,0,0,0,0,0,0,0,0,0,0,0,0,0,0,0,0,0,0,0,0,0,0,0,0,0,0,0,0,0,0,0,0,0,0,0,0,0,0,0,0,0,0,0,0,0,0,0,0,0,254,253,253,253,253,253,253,253,253,253,255,253,253,138,34,34,3,0,0,0,0,0,0,0,0,0,0,0,253,252,252,252,252,252,252,252,252,252,253,252,252,252,252,252,146,0,0,0,0,0,0,0,0,0,0,0,119,252,252,252,252,252,252,252,252,252,253,252,252,252,252,252,174,0,0,0,0,0,0,0,0,0,0,0,16,174,233,183,230,192,73,187,230,134,217,149,191,252,252,252,241,0,0,0,0,0,0,0,0,0,0,0,0,23,88,4,0,0,0,0,0,0,0,15,132,252,252,252,248,89,0,0,0,0,0,0,0,0,0,0,0,0,0,0,0,0,0,0,27,89,151,212,252,252,252,252,252,122,0,0,0,0,0,0,0,0,0,0,0,0,0,0,3,98,174,231,238,252,253,252,252,252,252,252,252,220,40,2,0,0,0,0,0,0,0,0,0,0,0,0,56,252,252,252,252,252,253,252,252,252,252,252,252,252,252,52,0,0,0,0,0,0,0,0,0,0,0,0,39,236,252,252,252,252,210,229,140,243,185,104,130,252,252,142,0,0,0,0,0,0,0,0,0,0,0,0,0,198,252,252,252,204,63,52,68,225,14,0,12,252,252,142,0,0,0,0,0,0,0,0,0,0,0,0,0,39,106,68,29,0,0,0,0,49,0,51,101,253,253,143,0,0,0,0,0,0,0,0,0,0,0,0,0,0,0,0,0,0,0,0,0,0,0,27,209,252,252,171,0,0,0,0,0,0,0,0,0,0,0,0,0,0,0,0,0,0,0,0,0,0,0,0,164,252,252,252,0,0,0,0,0,0,0,0,0,0,0,0,0,0,0,0,0,0,0,0,0,0,5,147,251,252,252,146,0,0,0,0,0,0,0,0,0,0,90,155,56,12,0,0,0,0,0,0,0,54,146,252,252,252,252,142,0,0,0,0,0,0,0,0,0,0,209,252,252,210,104,0,0,0,0,62,131,250,252,252,204,252,225,93,0,0,0,0,0,0,0,0,0,0,209,252,252,252,242,164,122,217,232,246,252,252,252,248,193,241,120,0,0,0,0,0,0,0,0,0,0,0,125,251,252,252,252,252,252,252,253,252,252,252,243,88,0,0,0,0,0,0,0,0,0,0,0,0,0,0,0,73,175,236,252,252,252,252,253,252,188,118,51,0,0,0,0,0,0,0,0,0,0,0,0,0,0,0,0,0,0,26,86,142,142,142,81,33,6,0,0,0,0,0,0,0,0,0,0,0,0,0,0,0,0,0,0,0,0,0,0,0,0,0,0,0,0,0,0,0,0,0,0,0,0,0,0,0,0,0,0,0,0,0,0,0,0,0,0,0,0,0,0,0,0,0,0,0,0,0,0,0,0,0,0,0
1,0,0,0,0,0,0,0,0,0,0,0,0,0,0,0,0,0,0,0,0,0,0,0,0,0,0,0,0,0,0,0,0,0,0,0,0,0,0,0,0,0,0,0,0,0,0,0,0,0,0,0,0,0,0,0,0,0,0,0,0,0,0,0,0,0,0,0,0,0,0,0,0,0,0,0,0,0,0,0,0,0,0,0,0,0,0,0,0,0,0,0,0,0,0,0,0,0,0,0,0,0,0,0,0,0,0,0,0,0,0,0,0,0,0,0,0,0,0,0,0,0,0,0,0,0,0,0,0,0,0,0,0,0,0,0,0,0,0,0,0,0,0,0,0,0,0,41,59,59,82,163,254,163,194,179,254,223,156,156,23,0,0,0,0,0,0,0,0,0,0,0,0,0,0,175,253,253,254,253,253,253,253,254,253,253,253,253,230,40,0,0,0,0,0,0,0,0,0,0,0,0,0,175,253,253,254,253,253,253,253,254,253,253,253,253,254,209,24,0,0,0,0,0,0,0,0,0,0,0,0,160,231,138,19,19,19,19,19,19,102,79,137,253,254,253,78,0,0,0,0,0,0,0,0,0,0,0,0,18,27,0,0,0,0,0,0,0,0,99,204,253,254,245,48,0,0,0,0,0,0,0,0,0,0,0,0,0,0,0,0,0,0,0,0,0,103,254,254,254,255,99,0,0,0,0,0,0,0,0,0,0,0,0,0,0,0,0,0,0,0,0,46,140,247,253,253,253,219,36,0,0,0,0,0,0,0,0,0,0,0,0,0,0,0,0,0,0,0,0,98,254,253,253,253,154,30,0,0,0,0,0,0,0,0,0,0,0,0,0,0,0,0,0,0,0,0,0,83,254,253,253,164,5,0,0,0,0,0,0,0,0,0,0,0,0,0,0,0,0,0,0,0,0,0,0,0,216,253,253,206,23,0,0,0,0,0,0,0,0,0,0,0,0,0,0,0,0,0,0,0,0,0,0,0,0,128,236,254,178,23,0,0,0,0,0,0,0,0,0,0,0,0,0,0,0,0,0,0,0,0,0,0,0,0,57,236,253,147,3,0,0,0,0,0,0,0,0,0,0,0,0,0,0,0,0,0,0,0,0,0,0,0,0,69,253,254,39,0,0,0,0,0,0,0,0,0,0,0,0,0,0,0,0,0,0,0,0,0,0,0,0,3,199,254,91,0,0,0,0,0,0,0,0,0,0,0,0,0,0,0,0,0,0,0,0,0,0,0,0,0,195,254,135,0,0,0,0,0,0,0,0,0,0,0,0,0,146,141,36,0,0,0,0,0,0,0,0,55,209,255,136,0,0,0,0,0,0,0,0,0,0,0,0,0,168,253,238,215,131,50,20,20,80,162,214,250,253,254,135,0,0,0,0,0,0,0,0,0,0,0,0,0,55,217,253,254,253,253,253,253,254,253,253,253,253,235,57,0,0,0,0,0,0,0,0,0,0,0,0,0,0,63,153,254,253,253,253,253,254,253,253,253,200,53,0,0,0,0,0,0,0,0,0,0,0,0,0,0,0,0,0,58,140,223,253,253,254,253,222,140,36,0,0,0,0,0,0,0,0,0,0,0,0,0,0,0,0,0,0,0,0,0,0,0,0,0,0,0,0,0,0,0,0,0,0,0,0,0,0,0,0,0,0,0,0,0,0,0,0,0,0,0,0,0,0,0,0,0,0,0,0,0,0,0,0,0,0,0,0,0,0,0,0,0,0,0,0,0,0,0,0,0,0,0,0,0,0,0,0,0,0,0,0,0
